<?xml version="1.0" encoding="utf-8" ?>
<dwsync>
<file name="apple-touch-icon.png" server="D:/XAMPP/htdocs/dashboard" local="133391453998354169" remote="133391453990000000" Dst="0" />
<file name="favicon-32x32.png" server="D:/XAMPP/htdocs/dashboard" local="133391453999315635" remote="133391453990000000" Dst="0" />
<file name="favicon-16x16.png" server="D:/XAMPP/htdocs/dashboard" local="133391454000094259" remote="133391454000000000" Dst="0" />
<file name="site.webmanifest" server="D:/XAMPP/htdocs/dashboard" local="133391454001223811" remote="133391454000000000" Dst="0" />
<file name="apple-touch-icon.png" server="D:/XAMPP/htdocs/dashboard/" local="133391453998354169" remote="133391453990000000" Dst="0" />
<file name="favicon-32x32.png" server="D:/XAMPP/htdocs/dashboard/" local="133391453999315635" remote="133391453990000000" Dst="0" />
<file name="favicon-16x16.png" server="D:/XAMPP/htdocs/dashboard/" local="133391454000094259" remote="133391454000000000" Dst="0" />
<file name="site.webmanifest" server="D:/XAMPP/htdocs/dashboard/" local="133391454001223811" remote="133391454000000000" Dst="0" />
</dwsync>